timestamp,num_vessels,processing_time_s,total_delay,stdout,stderr
2025-11-21T22:32:04.244937,1,0.06392190000042319,0,DELAY:0,
2025-11-21T22:32:04.303829,2,0.05736650000108057,2,DELAY:2,
2025-11-21T22:32:04.353242,3,0.048294000000169035,4,DELAY:4,
2025-11-21T22:32:04.409056,4,0.05468589999873075,15,DELAY:15,
2025-11-21T22:32:04.457314,5,0.04677280000032624,34,DELAY:34,
2025-11-21T22:32:04.506809,6,0.048136500001419336,84,DELAY:84,
2025-11-21T22:32:04.557978,7,0.04958269999769982,149,DELAY:149,
2025-11-21T22:32:04.607797,8,0.04846140000154264,227,DELAY:227,
2025-11-21T22:32:04.656919,9,0.04803330000140704,307,DELAY:307,
2025-11-21T22:32:04.708361,10,0.05013179999878048,397,DELAY:397,
2025-11-21T22:32:04.757521,11,0.047948399998858804,513,DELAY:513,
2025-11-21T22:32:04.812287,12,0.05332060000000638,661,DELAY:661,
2025-11-21T22:32:04.869547,13,0.05602589999762131,826,DELAY:826,
2025-11-21T22:32:04.921064,14,0.04999549999774899,1003,DELAY:1003,
2025-11-21T22:32:04.971565,15,0.04934249999860185,1198,DELAY:1198,
2025-11-21T22:32:05.024831,16,0.051947299998573726,1432,DELAY:1432,
2025-11-21T22:32:05.073213,17,0.04693830000178423,1662,DELAY:1662,
2025-11-21T22:32:05.129955,18,0.055629500002396526,1890,DELAY:1890,
2025-11-21T22:32:05.187168,19,0.055833200000051875,2153,DELAY:2153,
2025-11-21T22:32:05.246968,20,0.05865360000098008,2411,DELAY:2411,
2025-11-21T22:32:05.309269,21,0.0610802999981388,2707,DELAY:2707,
2025-11-21T22:32:05.380952,22,0.06848290000198176,3017,DELAY:3017,
2025-11-21T22:32:05.447100,23,0.06491660000028787,3323,DELAY:3323,
2025-11-21T22:32:05.506309,24,0.05798789999971632,3645,DELAY:3645,
2025-11-21T22:32:05.562766,25,0.05538240000169026,3999,DELAY:3999,
2025-11-21T22:32:05.627983,26,0.0641421000000264,4376,DELAY:4376,
2025-11-21T22:32:05.686709,27,0.05746699999872362,4750,DELAY:4750,
2025-11-21T22:32:05.744384,28,0.05637900000147056,5141,DELAY:5141,
2025-11-21T22:32:05.802838,29,0.05706740000096033,5553,DELAY:5553,
2025-11-21T22:32:05.870905,30,0.06673940000109724,6010,DELAY:6010,
2025-11-21T22:32:05.933810,31,0.061229099999764,6486,DELAY:6486,
2025-11-21T22:32:05.997342,32,0.062166900002921466,6955,DELAY:6955,
2025-11-21T22:32:06.059477,33,0.06087199999819859,7431,DELAY:7431,
2025-11-21T22:32:06.119288,34,0.05829950000043027,7948,DELAY:7948,
2025-11-21T22:32:06.180807,35,0.0598747000003641,8447,DELAY:8447,
2025-11-21T22:32:06.239232,36,0.057101200000033714,8961,DELAY:8961,
2025-11-21T22:32:06.297590,37,0.056977799999003764,9505,DELAY:9505,
2025-11-21T22:32:06.360227,38,0.06137059999673511,10050,DELAY:10050,
2025-11-21T22:32:06.424853,39,0.06263320000289241,10630,DELAY:10630,
2025-11-21T22:32:06.484125,40,0.057185800000297604,11206,DELAY:11206,
2025-11-21T22:32:06.543004,41,0.05756249999831198,11811,DELAY:11811,
2025-11-21T22:32:06.600034,42,0.05573340000046301,12419,DELAY:12419,
2025-11-21T22:32:06.657695,43,0.05641349999859813,13097,DELAY:13097,
2025-11-21T22:32:06.715501,44,0.05665030000091065,13760,DELAY:13760,
2025-11-21T22:32:06.772242,45,0.05543650000254274,14440,DELAY:14440,
2025-11-21T22:32:06.829832,46,0.05604179999863845,15120,DELAY:15120,
2025-11-21T22:32:06.886586,47,0.05523959999845829,15811,DELAY:15811,
2025-11-21T22:32:06.947549,48,0.059610299998894334,16563,DELAY:16563,
2025-11-21T22:32:07.014750,49,0.0649507000016456,17282,DELAY:17282,
2025-11-21T22:32:07.075475,50,0.05937880000055884,18042,DELAY:18042,
2025-11-21T22:32:07.135501,51,0.058874399997876026,18816,DELAY:18816,
2025-11-21T22:32:07.192356,52,0.05552299999908428,19593,DELAY:19593,
2025-11-21T22:32:07.250248,53,0.05657440000140923,20437,DELAY:20437,
2025-11-21T22:32:07.308876,54,0.05691750000187312,21289,DELAY:21289,
2025-11-21T22:32:07.367697,55,0.057282499998109415,22132,DELAY:22132,
2025-11-21T22:32:07.425779,56,0.05693000000246684,22982,DELAY:22982,
2025-11-21T22:32:07.484148,57,0.05679700000109733,23849,DELAY:23849,
2025-11-21T22:32:07.546872,58,0.06103530000109458,24761,DELAY:24761,
2025-11-21T22:32:07.612129,59,0.06407409999883384,25650,DELAY:25650,
2025-11-21T22:32:07.672202,60,0.05891350000092643,26568,DELAY:26568,
2025-11-21T22:32:07.730252,61,0.056759999999485444,27500,DELAY:27500,
2025-11-21T22:32:07.788468,62,0.05677310000100988,28432,DELAY:28432,
2025-11-21T22:32:07.846609,63,0.056800700000167126,29395,DELAY:29395,
2025-11-21T22:32:07.904267,64,0.056244100000185426,30375,DELAY:30375,
2025-11-21T22:32:07.961433,65,0.05600069999854895,31354,DELAY:31354,
2025-11-21T22:32:08.020819,66,0.05812080000032438,32405,DELAY:32405,
2025-11-21T22:32:08.085329,67,0.06288940000013099,33433,DELAY:33433,
2025-11-21T22:32:08.158444,68,0.07052339999791002,34483,DELAY:34483,
2025-11-21T22:32:08.228264,69,0.06803759999820613,35545,DELAY:35545,
2025-11-21T22:32:08.309653,70,0.07985920000282931,36599,DELAY:36599,
2025-11-21T22:32:08.381388,71,0.06989550000071176,37680,DELAY:37680,
2025-11-21T22:32:08.448694,72,0.06571900000199093,38776,DELAY:38776,
2025-11-21T22:32:08.511002,73,0.060986899999988964,39886,DELAY:39886,
2025-11-21T22:32:08.581566,74,0.06902059999993071,41074,DELAY:41074,
2025-11-21T22:32:08.640953,75,0.05789030000232742,42231,DELAY:42231,
2025-11-21T22:32:08.776655,76,0.10277029999997467,43405,DELAY:43405,
2025-11-21T22:32:08.852357,77,0.07312140000067302,44594,DELAY:44594,
2025-11-21T22:32:08.911180,78,0.05746980000185431,45806,DELAY:45806,
2025-11-21T22:32:08.971563,79,0.05890439999711816,47026,DELAY:47026,
2025-11-21T22:32:09.035506,80,0.06273450000298908,48251,DELAY:48251,
2025-11-21T22:32:09.103632,81,0.06692710000061197,49507,DELAY:49507,
2025-11-21T22:32:09.165275,82,0.060442300000431715,50774,DELAY:50774,
2025-11-21T22:32:09.227346,83,0.06072810000114259,52057,DELAY:52057,
2025-11-21T22:32:09.289093,84,0.06042950000119163,53350,DELAY:53350,
2025-11-21T22:32:09.364393,85,0.07339789999969071,54721,DELAY:54721,
2025-11-21T22:32:09.425621,86,0.05964839999796823,56064,DELAY:56064,
2025-11-21T22:32:09.484348,87,0.05734979999760981,57401,DELAY:57401,
2025-11-21T22:32:09.542986,88,0.05739449999964563,58748,DELAY:58748,
2025-11-21T22:32:09.603028,89,0.058656400000472786,60130,DELAY:60130,
2025-11-21T22:32:09.665544,90,0.061182500001450535,61526,DELAY:61526,
2025-11-21T22:32:09.732271,91,0.0653563000014401,62946,DELAY:62946,
2025-11-21T22:32:09.790476,92,0.05699749999985215,64345,DELAY:64345,
2025-11-21T22:32:09.850174,93,0.058513999996648636,65789,DELAY:65789,
2025-11-21T22:32:09.916422,94,0.06471109999984037,67253,DELAY:67253,
2025-11-21T22:32:09.974566,95,0.05674200000066776,68730,DELAY:68730,
2025-11-21T22:32:10.033698,96,0.0577064999997674,70208,DELAY:70208,
2025-11-21T22:32:10.092115,97,0.05729879999853438,71705,DELAY:71705,
2025-11-21T22:32:10.287185,98,0.19127979999757372,73231,DELAY:73231,
2025-11-21T22:32:10.340317,99,0.05109950000041863,74836,DELAY:74836,
